Year,Month,Breed,Total
2021,April,AIREDALE TERR,145
2021,August,AIREDALE TERR,144
2021,December,AIREDALE TERR,142
2021,July,AIREDALE TERR,142
2021,June,AIREDALE TERR,143
2021,March,AIREDALE TERR,145
2021,May,AIREDALE TERR,145
2021,November,AIREDALE TERR,144
2021,October,AIREDALE TERR,144
2021,September,AIREDALE TERR,143
2022,January,AIREDALE TERR,141
2022,July,AIREDALE TERR,135
2022,November,AIREDALE TERR,139
2022,October,AIREDALE TERR,140
2023,February,AIREDALE TERR,134
2021,April,AKITA,187
2021,August,AKITA,196
2021,December,AKITA,193
2021,July,AKITA,192
2021,March,AKITA,191
2021,May,AKITA,191
2021,November,AKITA,192
2021,October,AKITA,194
2021,September,AKITA,191
2022,December,AKITA,202
2022,January,AKITA,201
2022,July,AKITA,192
2022,March,AKITA,195
2022,November,AKITA,201
2022,October,AKITA,197
2022,September,AKITA,197
2023,February,AKITA,200
2023,January,AKITA,205
2021,April,ALASK MALAMUTE,294
2021,August,ALASK MALAMUTE,297
2021,December,ALASK MALAMUTE,292
2021,July,ALASK MALAMUTE,292
2021,June,ALASK MALAMUTE,288
2021,March,ALASK MALAMUTE,294
2021,May,ALASK MALAMUTE,294
2021,November,ALASK MALAMUTE,289
2021,October,ALASK MALAMUTE,290
2021,September,ALASK MALAMUTE,290
2022,August,ALASK MALAMUTE,285
2022,December,ALASK MALAMUTE,277
2022,January,ALASK MALAMUTE,289
2022,July,ALASK MALAMUTE,286
2022,June,ALASK MALAMUTE,289
2022,March,ALASK MALAMUTE,288
2022,November,ALASK MALAMUTE,286
2022,October,ALASK MALAMUTE,283
2022,September,ALASK MALAMUTE,289
2021,July,ALASKAN HUSKY,700
2021,June,ALASKAN HUSKY,711
2021,March,ALASKAN HUSKY,699
2021,May,ALASKAN HUSKY,699
2021,November,ALASKAN HUSKY,691
2021,October,ALASKAN HUSKY,695
2021,September,ALASKAN HUSKY,694
2022,August,ALASKAN HUSKY,722
2022,December,ALASKAN HUSKY,714
2022,January,ALASKAN HUSKY,704
2022,July,ALASKAN HUSKY,717
2022,June,ALASKAN HUSKY,711
2022,March,ALASKAN HUSKY,715
2022,November,ALASKAN HUSKY,715
2022,October,ALASKAN HUSKY,719
2022,September,ALASKAN HUSKY,727
2023,February,ALASKAN HUSKY,720
2023,January,ALASKAN HUSKY,715
2021,April,AM PIT BULL TER,511
2021,August,AM PIT BULL TER,515
2021,December,AM PIT BULL TER,484
2021,July,AM PIT BULL TER,524
2021,June,AM PIT BULL TER,515
2022,December,AM PIT BULL TER,456
2022,January,AM PIT BULL TER,480
2022,July,AM PIT BULL TER,456
2022,June,AM PIT BULL TER,461
2022,March,AM PIT BULL TER,472
2022,November,AM PIT BULL TER,456
2022,October,AM PIT BULL TER,457
2022,September,AM PIT BULL TER,460
2023,February,AM PIT BULL TER,467
2023,January,AM PIT BULL TER,462
2021,April,AMER BULLDOG,196
2021,August,AMER BULLDOG,207
2021,December,AMER BULLDOG,200
2021,June,AMER BULLDOG,208
2021,March,AMER BULLDOG,203
2021,May,AMER BULLDOG,203
2021,November,AMER BULLDOG,200
2021,September,AMER BULLDOG,210
2022,August,AMER BULLDOG,216
2022,December,AMER BULLDOG,215
2022,July,AMER BULLDOG,219
2022,June,AMER BULLDOG,224
2022,March,AMER BULLDOG,216
2022,November,AMER BULLDOG,214
2022,October,AMER BULLDOG,214
2022,September,AMER BULLDOG,213
2023,February,AMER BULLDOG,221
2023,January,AMER BULLDOG,217
2021,April,AMER ESKIMO,268
2021,August,AMER ESKIMO,259
2021,December,AMER ESKIMO,252
2021,June,AMER ESKIMO,269
2021,March,AMER ESKIMO,267
2021,May,AMER ESKIMO,267
2021,October,AMER ESKIMO,257
2021,September,AMER ESKIMO,258
2022,December,AMER ESKIMO,223
2022,January,AMER ESKIMO,243
2022,June,AMER ESKIMO,246
2022,March,AMER ESKIMO,238
2022,November,AMER ESKIMO,224
2022,October,AMER ESKIMO,233
2022,September,AMER ESKIMO,240
2023,February,AMER ESKIMO,219
2023,January,AMER ESKIMO,221
2021,April,AMERICAN STAFF,328
2021,August,AMERICAN STAFF,312
2021,July,AMERICAN STAFF,311
2021,June,AMERICAN STAFF,328
2021,May,AMERICAN STAFF,334
2021,November,AMERICAN STAFF,308
2021,October,AMERICAN STAFF,308
2021,September,AMERICAN STAFF,313
2022,August,AMERICAN STAFF,313
2022,January,AMERICAN STAFF,303
2022,July,AMERICAN STAFF,315
2022,March,AMERICAN STAFF,307
2022,November,AMERICAN STAFF,311
2022,October,AMERICAN STAFF,312
2022,September,AMERICAN STAFF,316
2023,February,AMERICAN STAFF,306
2023,January,AMERICAN STAFF,307
2021,April,AUST CATTLE DOG,1065
2021,August,AUST CATTLE DOG,1101
2021,December,AUST CATTLE DOG,1090
2021,July,AUST CATTLE DOG,1090
2021,June,AUST CATTLE DOG,1077
2021,March,AUST CATTLE DOG,1077
2021,May,AUST CATTLE DOG,1077
2021,November,AUST CATTLE DOG,1090
2021,October,AUST CATTLE DOG,1091
2021,September,AUST CATTLE DOG,1095
2022,August,AUST CATTLE DOG,1066
2022,December,AUST CATTLE DOG,1060
2022,January,AUST CATTLE DOG,1111
2022,July,AUST CATTLE DOG,1082
2022,June,AUST CATTLE DOG,1098
2022,March,AUST CATTLE DOG,1087
2022,September,AUST CATTLE DOG,1067
2022,August,AUST KELPIE,162
2022,December,AUST KELPIE,163
2022,January,AUST KELPIE,165
2022,July,AUST KELPIE,162
2022,June,AUST KELPIE,158
2022,March,AUST KELPIE,161
2022,November,AUST KELPIE,161
2022,October,AUST KELPIE,164
2022,September,AUST KELPIE,165
2023,February,AUST KELPIE,162
2023,January,AUST KELPIE,162
2021,April,AUST SHEPHERD,2232
2021,August,AUST SHEPHERD,2287
2021,December,AUST SHEPHERD,2327
2021,July,AUST SHEPHERD,2288
2021,June,AUST SHEPHERD,2285
2021,March,AUST SHEPHERD,2256
2021,May,AUST SHEPHERD,2256
2021,November,AUST SHEPHERD,2315
2021,October,AUST SHEPHERD,2298
2021,September,AUST SHEPHERD,2292
2022,August,AUST SHEPHERD,2454
2022,December,AUST SHEPHERD,2450
2022,January,AUST SHEPHERD,2375
2022,July,AUST SHEPHERD,2441
2022,June,AUST SHEPHERD,2433
2022,March,AUST SHEPHERD,2380
2022,November,AUST SHEPHERD,2479
2022,October,AUST SHEPHERD,2466
2022,September,AUST SHEPHERD,2452
2023,February,AUST SHEPHERD,2483
2023,January,AUST SHEPHERD,2478
2021,April,BASSET HOUND,236
2021,August,BASSET HOUND,237
2021,December,BASSET HOUND,224
2021,July,BASSET HOUND,242
2021,June,BASSET HOUND,246
2021,March,BASSET HOUND,244
2021,May,BASSET HOUND,244
2021,November,BASSET HOUND,225
2021,October,BASSET HOUND,231
2021,September,BASSET HOUND,235
2022,August,BASSET HOUND,216
2022,December,BASSET HOUND,209
2022,January,BASSET HOUND,224
2022,July,BASSET HOUND,217
2022,June,BASSET HOUND,219
2022,March,BASSET HOUND,225
2022,November,BASSET HOUND,211
2022,October,BASSET HOUND,210
2022,September,BASSET HOUND,211
2023,February,BASSET HOUND,214
2023,January,BASSET HOUND,214
2021,April,BEAGLE,1141
2021,December,BEAGLE,1059
2021,June,BEAGLE,1130
2021,March,BEAGLE,1148
2021,May,BEAGLE,1148
2021,November,BEAGLE,1075
2021,October,BEAGLE,1089
2021,September,BEAGLE,1099
2022,December,BEAGLE,1036
2022,January,BEAGLE,1055
2022,June,BEAGLE,1055
2022,March,BEAGLE,1040
2022,November,BEAGLE,1046
2022,October,BEAGLE,1045
2022,September,BEAGLE,1048
2021,April,BELG MALINOIS,132
2021,August,BELG MALINOIS,149
2021,December,BELG MALINOIS,146
2021,July,BELG MALINOIS,150
2021,June,BELG MALINOIS,148
2021,March,BELG MALINOIS,140
2021,May,BELG MALINOIS,140
2021,November,BELG MALINOIS,145
2021,October,BELG MALINOIS,143
2021,September,BELG MALINOIS,148
2022,August,BELG MALINOIS,142
2022,December,BELG MALINOIS,148
2022,January,BELG MALINOIS,144
2022,July,BELG MALINOIS,142
2022,June,BELG MALINOIS,141
2022,March,BELG MALINOIS,141
2022,November,BELG MALINOIS,150
2022,October,BELG MALINOIS,152
2022,September,BELG MALINOIS,147
2023,February,BELG MALINOIS,151
2023,January,BELG MALINOIS,152
2021,April,BERNESE MTN DOG,1389
2021,August,BERNESE MTN DOG,1426
2021,December,BERNESE MTN DOG,1446
2021,July,BERNESE MTN DOG,1422
2021,June,BERNESE MTN DOG,1410
2021,March,BERNESE MTN DOG,1398
2021,May,BERNESE MTN DOG,1398
2021,November,BERNESE MTN DOG,1450
2021,October,BERNESE MTN DOG,1441
2021,September,BERNESE MTN DOG,1431
2022,August,BERNESE MTN DOG,1467
2022,December,BERNESE MTN DOG,1511
2022,January,BERNESE MTN DOG,1457
2022,July,BERNESE MTN DOG,1452
2022,June,BERNESE MTN DOG,1452
2022,March,BERNESE MTN DOG,1451
2022,November,BERNESE MTN DOG,1507
2022,October,BERNESE MTN DOG,1490
2022,September,BERNESE MTN DOG,1482
2023,February,BERNESE MTN DOG,1546
2023,January,BERNESE MTN DOG,1527
2021,April,BICHON FRISE,3014
2021,August,BICHON FRISE,2858
2021,December,BICHON FRISE,2653
2021,July,BICHON FRISE,2916
2021,June,BICHON FRISE,2953
2021,March,BICHON FRISE,2994
2021,May,BICHON FRISE,2994
2021,November,BICHON FRISE,2705
2021,October,BICHON FRISE,2751
2021,September,BICHON FRISE,2814
2022,August,BICHON FRISE,2350
2022,December,BICHON FRISE,2200
2022,January,BICHON FRISE,2619
2022,July,BICHON FRISE,2394
2022,June,BICHON FRISE,2405
2022,March,BICHON FRISE,2511
2022,November,BICHON FRISE,2246
2022,October,BICHON FRISE,2288
2022,September,BICHON FRISE,2319
2023,February,BICHON FRISE,2105
2023,January,BICHON FRISE,2148
2021,April,BORDER COLLIE,3711
2021,August,BORDER COLLIE,3745
2021,December,BORDER COLLIE,3615
2021,July,BORDER COLLIE,3754
2021,June,BORDER COLLIE,3731
2021,March,BORDER COLLIE,3744
2021,May,BORDER COLLIE,3744
2021,November,BORDER COLLIE,3655
2021,October,BORDER COLLIE,3662
2021,September,BORDER COLLIE,3703
2022,August,BORDER COLLIE,3538
2022,December,BORDER COLLIE,3457
2022,January,BORDER COLLIE,3610
2022,July,BORDER COLLIE,3542
2022,June,BORDER COLLIE,3556
2022,March,BORDER COLLIE,3582
2022,November,BORDER COLLIE,3507
2022,October,BORDER COLLIE,3500
2022,September,BORDER COLLIE,3521
2023,February,BORDER COLLIE,3441
2023,January,BORDER COLLIE,3443
2021,April,BORDER TERRIER,167
2021,August,BORDER TERRIER,162
2021,December,BORDER TERRIER,157
2021,July,BORDER TERRIER,161
2021,June,BORDER TERRIER,161
2021,March,BORDER TERRIER,165
2021,May,BORDER TERRIER,165
2021,November,BORDER TERRIER,162
2021,October,BORDER TERRIER,159
2021,September,BORDER TERRIER,161
2022,August,BORDER TERRIER,159
2022,December,BORDER TERRIER,161
2022,January,BORDER TERRIER,158
2022,July,BORDER TERRIER,159
2022,June,BORDER TERRIER,161
2022,March,BORDER TERRIER,157
2022,November,BORDER TERRIER,160
2022,October,BORDER TERRIER,161
2022,September,BORDER TERRIER,159
2023,February,BORDER TERRIER,161
2023,January,BORDER TERRIER,162
2021,April,BOSTON TERRIER,1214
2021,August,BOSTON TERRIER,1168
2021,December,BOSTON TERRIER,1105
2021,July,BOSTON TERRIER,1184
2021,June,BOSTON TERRIER,1203
2021,March,BOSTON TERRIER,1213
2021,May,BOSTON TERRIER,1213
2021,November,BOSTON TERRIER,1127
2021,October,BOSTON TERRIER,1137
2021,September,BOSTON TERRIER,1157
2022,August,BOSTON TERRIER,1059
2022,December,BOSTON TERRIER,1047
2022,January,BOSTON TERRIER,1094
2022,July,BOSTON TERRIER,1064
2022,June,BOSTON TERRIER,1078
2022,March,BOSTON TERRIER,1084
2022,November,BOSTON TERRIER,1052
2022,October,BOSTON TERRIER,1060
2022,September,BOSTON TERRIER,1056
2023,February,BOSTON TERRIER,1028
2023,January,BOSTON TERRIER,1046
2021,April,BOUV FLANDRES,123
2021,August,BOUV FLANDRES,119
2021,December,BOUV FLANDRES,125
2021,July,BOUV FLANDRES,119
2021,June,BOUV FLANDRES,123
2021,March,BOUV FLANDRES,127
2021,May,BOUV FLANDRES,127
2021,November,BOUV FLANDRES,122
2021,October,BOUV FLANDRES,123
2021,September,BOUV FLANDRES,123
2022,August,BOUV FLANDRES,116
2022,December,BOUV FLANDRES,114
2022,January,BOUV FLANDRES,123
2022,July,BOUV FLANDRES,117
2022,June,BOUV FLANDRES,117
2022,March,BOUV FLANDRES,117
2022,November,BOUV FLANDRES,116
2022,October,BOUV FLANDRES,119
2022,September,BOUV FLANDRES,117
2023,February,BOUV FLANDRES,108
2023,January,BOUV FLANDRES,111
2022,August,BOXER,884
2022,December,BOXER,874
2022,January,BOXER,915
2022,July,BOXER,899
2022,June,BOXER,897
2022,March,BOXER,905
2022,November,BOXER,874
2022,October,BOXER,885
2022,September,BOXER,881
2023,February,BOXER,862
2023,January,BOXER,863
2021,April,BRITTANY,228
2021,August,BRITTANY,234
2021,December,BRITTANY,235
2021,July,BRITTANY,232
2021,June,BRITTANY,230
2021,March,BRITTANY,226
2021,May,BRITTANY,226
2021,November,BRITTANY,236
2021,October,BRITTANY,237
2021,September,BRITTANY,235
2022,August,BRITTANY,249
2022,December,BRITTANY,239
2022,January,BRITTANY,234
2022,July,BRITTANY,244
2022,June,BRITTANY,243
2022,March,BRITTANY,238
2022,November,BRITTANY,241
2022,October,BRITTANY,244
2022,September,BRITTANY,248
2023,February,BRITTANY,239
2023,January,BRITTANY,239
2021,April,BRUSS GRIFFON,137
2021,August,BRUSS GRIFFON,137
2021,December,BRUSS GRIFFON,127
2021,July,BRUSS GRIFFON,139
2021,June,BRUSS GRIFFON,139
2021,March,BRUSS GRIFFON,137
2021,May,BRUSS GRIFFON,137
2021,November,BRUSS GRIFFON,130
2021,October,BRUSS GRIFFON,132
2021,September,BRUSS GRIFFON,134
2022,August,BRUSS GRIFFON,122
2022,December,BRUSS GRIFFON,120
2022,January,BRUSS GRIFFON,129
2022,July,BRUSS GRIFFON,120
2022,June,BRUSS GRIFFON,123
2022,March,BRUSS GRIFFON,130
2022,November,BRUSS GRIFFON,123
2022,October,BRUSS GRIFFON,121
2022,September,BRUSS GRIFFON,122
2023,February,BRUSS GRIFFON,120
2023,January,BRUSS GRIFFON,121
2021,April,BULLDOG,233
2021,August,BULLDOG,213
2021,December,BULLDOG,201
2021,July,BULLDOG,222
2021,June,BULLDOG,227
2021,March,BULLDOG,230
2021,May,BULLDOG,230
2021,November,BULLDOG,211
2021,October,BULLDOG,211
2021,September,BULLDOG,212
2022,August,BULLDOG,190
2022,December,BULLDOG,185
2022,January,BULLDOG,205
2022,July,BULLDOG,187
2022,June,BULLDOG,191
2022,March,BULLDOG,199
2022,November,BULLDOG,185
2022,October,BULLDOG,185
2022,September,BULLDOG,186
2023,February,BULLDOG,176
2023,January,BULLDOG,182
2021,April,BULLMASTIFF,197
2021,August,BULLMASTIFF,198
2021,December,BULLMASTIFF,185
2021,July,BULLMASTIFF,195
2021,June,BULLMASTIFF,194
2021,March,BULLMASTIFF,196
2021,May,BULLMASTIFF,196
2021,November,BULLMASTIFF,191
2021,October,BULLMASTIFF,191
2021,September,BULLMASTIFF,193
2022,August,BULLMASTIFF,172
2022,December,BULLMASTIFF,171
2022,January,BULLMASTIFF,183
2022,July,BULLMASTIFF,171
2022,June,BULLMASTIFF,174
2022,March,BULLMASTIFF,186
2022,November,BULLMASTIFF,169
2022,October,BULLMASTIFF,170
2022,September,BULLMASTIFF,168
2023,February,BULLMASTIFF,171
2023,January,BULLMASTIFF,166
2021,April,CAIRN TERRIER,297
2021,August,CAIRN TERRIER,294
2021,December,CAIRN TERRIER,276
2021,July,CAIRN TERRIER,298
2021,June,CAIRN TERRIER,292
2021,March,CAIRN TERRIER,294
2021,May,CAIRN TERRIER,294
2021,November,CAIRN TERRIER,280
2021,October,CAIRN TERRIER,286
2021,September,CAIRN TERRIER,287
2022,August,CAIRN TERRIER,254
2022,December,CAIRN TERRIER,243
2022,January,CAIRN TERRIER,270
2022,July,CAIRN TERRIER,255
2022,June,CAIRN TERRIER,258
2022,March,CAIRN TERRIER,261
2022,November,CAIRN TERRIER,246
2022,October,CAIRN TERRIER,250
2022,September,CAIRN TERRIER,249
2023,February,CAIRN TERRIER,240
2023,January,CAIRN TERRIER,240
2021,April,CANE CORSO,278
2021,August,CANE CORSO,261
2021,December,CANE CORSO,258
2021,July,CANE CORSO,262
2021,June,CANE CORSO,267
2021,March,CANE CORSO,280
2021,May,CANE CORSO,280
2021,November,CANE CORSO,264
2021,October,CANE CORSO,258
2021,September,CANE CORSO,259
2022,August,CANE CORSO,280
2022,December,CANE CORSO,281
2022,January,CANE CORSO,259
2022,July,CANE CORSO,283
2022,June,CANE CORSO,278
2022,March,CANE CORSO,258
2022,November,CANE CORSO,280
2022,October,CANE CORSO,276
2022,September,CANE CORSO,283
2023,February,CANE CORSO,290
2023,January,CANE CORSO,290
2021,April,CATAHOULA,161
2021,August,CATAHOULA,166
2021,December,CATAHOULA,162
2021,July,CATAHOULA,163
2021,June,CATAHOULA,157
2021,March,CATAHOULA,161
2021,May,CATAHOULA,161
2021,November,CATAHOULA,163
2021,October,CATAHOULA,164
2021,September,CATAHOULA,163
2022,August,CATAHOULA,160
2022,December,CATAHOULA,157
2022,January,CATAHOULA,159
2022,July,CATAHOULA,157
2022,June,CATAHOULA,154
2022,March,CATAHOULA,153
2022,November,CATAHOULA,158
2022,October,CATAHOULA,158
2022,September,CATAHOULA,162
2023,February,CATAHOULA,158
2023,January,CATAHOULA,158
2021,April,CAVALIER SPAN,1003
2021,August,CAVALIER SPAN,1026
2021,December,CAVALIER SPAN,1033
2021,July,CAVALIER SPAN,1018
2021,June,CAVALIER SPAN,1010
2021,March,CAVALIER SPAN,1012
2021,May,CAVALIER SPAN,1012
2021,November,CAVALIER SPAN,1034
2021,October,CAVALIER SPAN,1027
2021,September,CAVALIER SPAN,1028
2022,August,CAVALIER SPAN,1100
2022,December,CAVALIER SPAN,1102
2022,January,CAVALIER SPAN,1042
2022,July,CAVALIER SPAN,1074
2022,June,CAVALIER SPAN,1072
2022,March,CAVALIER SPAN,1051
2022,November,CAVALIER SPAN,1104
2022,October,CAVALIER SPAN,1112
2022,September,CAVALIER SPAN,1099
2023,February,CAVALIER SPAN,1140
2023,January,CAVALIER SPAN,1123
2021,April,CHIHUAHUA LH,808
2021,August,CHIHUAHUA LH,777
2021,December,CHIHUAHUA LH,781
2021,July,CHIHUAHUA LH,788
2021,June,CHIHUAHUA LH,799
2021,March,CHIHUAHUA LH,808
2021,May,CHIHUAHUA LH,808
2021,November,CHIHUAHUA LH,786
2021,October,CHIHUAHUA LH,785
2021,September,CHIHUAHUA LH,779
2022,August,CHIHUAHUA LH,752
2022,December,CHIHUAHUA LH,734
2022,January,CHIHUAHUA LH,788
2022,July,CHIHUAHUA LH,761
2022,June,CHIHUAHUA LH,770
2022,March,CHIHUAHUA LH,783
2022,November,CHIHUAHUA LH,732
2022,October,CHIHUAHUA LH,745
2022,September,CHIHUAHUA LH,753
2023,February,CHIHUAHUA LH,728
2023,January,CHIHUAHUA LH,736
2021,April,CHIHUAHUA SH,3157
2021,August,CHIHUAHUA SH,3087
2021,December,CHIHUAHUA SH,2975
2021,July,CHIHUAHUA SH,3119
2021,June,CHIHUAHUA SH,3125
2021,March,CHIHUAHUA SH,3142
2021,May,CHIHUAHUA SH,3142
2021,November,CHIHUAHUA SH,3013
2021,October,CHIHUAHUA SH,3051
2021,September,CHIHUAHUA SH,3070
2022,August,CHIHUAHUA SH,2889
2022,December,CHIHUAHUA SH,2768
2022,January,CHIHUAHUA SH,2957
2022,July,CHIHUAHUA SH,2912
2022,June,CHIHUAHUA SH,2938
2022,March,CHIHUAHUA SH,2942
2022,November,CHIHUAHUA SH,2804
2022,October,CHIHUAHUA SH,2826
2022,September,CHIHUAHUA SH,2845
2023,February,CHIHUAHUA SH,2754
2023,January,CHIHUAHUA SH,2767
2021,April,CHINESE CRESTED,127
2021,August,CHINESE CRESTED,121
2021,December,CHINESE CRESTED,116
2021,July,CHINESE CRESTED,124
2021,June,CHINESE CRESTED,125
2021,March,CHINESE CRESTED,125
2021,May,CHINESE CRESTED,125
2021,November,CHINESE CRESTED,116
2021,October,CHINESE CRESTED,119
2021,September,CHINESE CRESTED,121
2022,August,CHINESE CRESTED,131
2022,December,CHINESE CRESTED,131
2022,July,CHINESE CRESTED,128
2022,June,CHINESE CRESTED,129
2022,March,CHINESE CRESTED,121
2022,November,CHINESE CRESTED,132
2022,October,CHINESE CRESTED,132
2022,September,CHINESE CRESTED,131
2023,February,CHINESE CRESTED,132
2023,January,CHINESE CRESTED,130
2021,April,CHINESE SHARPEI,154
2021,August,CHINESE SHARPEI,161
2021,December,CHINESE SHARPEI,145
2021,July,CHINESE SHARPEI,157
2021,June,CHINESE SHARPEI,156
2021,March,CHINESE SHARPEI,155
2021,May,CHINESE SHARPEI,155
2021,November,CHINESE SHARPEI,151
2021,October,CHINESE SHARPEI,149
2021,September,CHINESE SHARPEI,155
2022,August,CHINESE SHARPEI,147
2022,December,CHINESE SHARPEI,146
2022,January,CHINESE SHARPEI,149
2022,July,CHINESE SHARPEI,155
2022,June,CHINESE SHARPEI,155
2022,March,CHINESE SHARPEI,149
2022,November,CHINESE SHARPEI,150
2022,October,CHINESE SHARPEI,153
2022,September,CHINESE SHARPEI,148
2023,February,CHINESE SHARPEI,147
2023,January,CHINESE SHARPEI,145
2021,April,CHOW CHOW,174
2021,August,CHOW CHOW,168
2021,December,CHOW CHOW,170
2021,July,CHOW CHOW,177
2021,June,CHOW CHOW,176
2021,March,CHOW CHOW,178
2021,May,CHOW CHOW,178
2021,November,CHOW CHOW,170
2021,October,CHOW CHOW,170
2021,September,CHOW CHOW,170
2022,August,CHOW CHOW,163
2022,December,CHOW CHOW,162
2022,January,CHOW CHOW,168
2022,July,CHOW CHOW,161
2022,June,CHOW CHOW,160
2022,March,CHOW CHOW,170
2022,November,CHOW CHOW,165
2022,October,CHOW CHOW,163
2022,September,CHOW CHOW,164
2023,February,CHOW CHOW,155
2023,January,CHOW CHOW,162
2021,April,COCKER SPAN,2217
2021,August,COCKER SPAN,2220
2021,December,COCKER SPAN,2201
2021,July,COCKER SPAN,2227
2021,June,COCKER SPAN,2236
2021,March,COCKER SPAN,2228
2021,May,COCKER SPAN,2228
2021,November,COCKER SPAN,2200
2021,October,COCKER SPAN,2202
2021,September,COCKER SPAN,2217
2022,August,COCKER SPAN,2128
2022,December,COCKER SPAN,2083
2022,January,COCKER SPAN,2176
2022,July,COCKER SPAN,2145
2022,June,COCKER SPAN,2157
2022,March,COCKER SPAN,2172
2022,November,COCKER SPAN,2102
2022,October,COCKER SPAN,2107
2022,September,COCKER SPAN,2120
2023,February,COCKER SPAN,2097
2023,January,COCKER SPAN,2096
2021,April,COLLIE ROUGH,576
2021,August,COLLIE ROUGH,566
2021,December,COLLIE ROUGH,568
2021,July,COLLIE ROUGH,570
2021,June,COLLIE ROUGH,573
2021,March,COLLIE ROUGH,579
2021,May,COLLIE ROUGH,579
2021,November,COLLIE ROUGH,572
2021,October,COLLIE ROUGH,573
2021,September,COLLIE ROUGH,573
2022,August,COLLIE ROUGH,569
2022,December,COLLIE ROUGH,554
2022,January,COLLIE ROUGH,569
2022,July,COLLIE ROUGH,574
2022,June,COLLIE ROUGH,578
2022,March,COLLIE ROUGH,575
2022,November,COLLIE ROUGH,550
2022,October,COLLIE ROUGH,562
2022,September,COLLIE ROUGH,566
2023,February,COLLIE ROUGH,555
2023,January,COLLIE ROUGH,551
2021,April,COLLIE SMOOTH,139
2021,August,COLLIE SMOOTH,133
2021,December,COLLIE SMOOTH,123
2021,July,COLLIE SMOOTH,132
2021,June,COLLIE SMOOTH,134
2021,March,COLLIE SMOOTH,139
2021,May,COLLIE SMOOTH,139
2021,November,COLLIE SMOOTH,122
2021,October,COLLIE SMOOTH,127
2021,September,COLLIE SMOOTH,130
2022,August,COLLIE SMOOTH,119
2022,December,COLLIE SMOOTH,112
2022,January,COLLIE SMOOTH,120
2022,July,COLLIE SMOOTH,118
2022,June,COLLIE SMOOTH,116
2022,March,COLLIE SMOOTH,118
2022,November,COLLIE SMOOTH,112
2022,October,COLLIE SMOOTH,115
2022,September,COLLIE SMOOTH,116
2023,February,COLLIE SMOOTH,110
2023,January,COLLIE SMOOTH,113
2021,April,COTON DE TULEAR,129
2021,August,COTON DE TULEAR,129
2021,December,COTON DE TULEAR,125
2021,July,COTON DE TULEAR,128
2021,June,COTON DE TULEAR,131
2021,March,COTON DE TULEAR,128
2021,May,COTON DE TULEAR,128
2021,November,COTON DE TULEAR,124
2021,October,COTON DE TULEAR,128
2021,September,COTON DE TULEAR,128
2022,August,COTON DE TULEAR,124
2022,December,COTON DE TULEAR,126
2022,January,COTON DE TULEAR,121
2022,July,COTON DE TULEAR,123
2022,June,COTON DE TULEAR,124
2022,March,COTON DE TULEAR,120
2022,November,COTON DE TULEAR,127
2022,October,COTON DE TULEAR,126
2022,September,COTON DE TULEAR,126
2023,February,COTON DE TULEAR,123
2023,January,COTON DE TULEAR,125
2021,April,DACHSHUND,1481
2021,August,DACHSHUND,1459
2021,December,DACHSHUND,1433
2021,July,DACHSHUND,1454
2021,June,DACHSHUND,1477
2021,March,DACHSHUND,1481
2021,May,DACHSHUND,1481
2021,November,DACHSHUND,1442
2021,October,DACHSHUND,1452
2021,September,DACHSHUND,1452
2022,August,DACHSHUND,1356
2022,December,DACHSHUND,1296
2022,January,DACHSHUND,1421
2022,July,DACHSHUND,1382
2022,June,DACHSHUND,1398
2022,March,DACHSHUND,1403
2022,November,DACHSHUND,1309
2022,October,DACHSHUND,1332
2022,September,DACHSHUND,1343
2023,February,DACHSHUND,1300
2023,January,DACHSHUND,1297
2021,April,DACHSHUND LH,280
2021,August,DACHSHUND LH,284
2021,December,DACHSHUND LH,287
2021,July,DACHSHUND LH,283
2021,June,DACHSHUND LH,286
2021,March,DACHSHUND LH,280
2021,May,DACHSHUND LH,280
2021,November,DACHSHUND LH,285
2021,October,DACHSHUND LH,287
2021,September,DACHSHUND LH,287
2022,August,DACHSHUND LH,292
2022,December,DACHSHUND LH,279
2022,January,DACHSHUND LH,285
2022,July,DACHSHUND LH,286
2022,June,DACHSHUND LH,286
2022,March,DACHSHUND LH,285
2022,November,DACHSHUND LH,283
2022,October,DACHSHUND LH,286
2022,September,DACHSHUND LH,290
2023,February,DACHSHUND LH,282
2023,January,DACHSHUND LH,281
2021,April,DACHSHUND WH,114
2021,August,DACHSHUND WH,121
2021,December,DACHSHUND WH,113
2021,July,DACHSHUND WH,121
2021,June,DACHSHUND WH,119
2021,March,DACHSHUND WH,114
2021,May,DACHSHUND WH,114
2021,November,DACHSHUND WH,111
2021,October,DACHSHUND WH,111
2021,September,DACHSHUND WH,115
2022,August,DACHSHUND WH,110
2022,December,DACHSHUND WH,109
2022,January,DACHSHUND WH,111
2022,July,DACHSHUND WH,111
2022,June,DACHSHUND WH,108
2022,March,DACHSHUND WH,110
2022,November,DACHSHUND WH,109
2022,October,DACHSHUND WH,106
2022,September,DACHSHUND WH,110
2023,February,DACHSHUND WH,107
2023,January,DACHSHUND WH,106
2021,April,DOBERMAN PINSCH,352
2021,August,DOBERMAN PINSCH,352
2021,December,DOBERMAN PINSCH,363
2021,July,DOBERMAN PINSCH,351
2021,June,DOBERMAN PINSCH,355
2021,March,DOBERMAN PINSCH,347
2021,May,DOBERMAN PINSCH,347
2021,November,DOBERMAN PINSCH,359
2021,October,DOBERMAN PINSCH,355
2021,September,DOBERMAN PINSCH,353
2022,August,DOBERMAN PINSCH,370
2022,December,DOBERMAN PINSCH,360
2022,January,DOBERMAN PINSCH,352
2022,July,DOBERMAN PINSCH,362
2022,June,DOBERMAN PINSCH,361
2022,March,DOBERMAN PINSCH,355
2022,November,DOBERMAN PINSCH,368
2022,October,DOBERMAN PINSCH,374
2022,September,DOBERMAN PINSCH,377
2023,February,DOBERMAN PINSCH,358
2023,January,DOBERMAN PINSCH,359
2021,April,ENG BULLDOG,320
2021,August,ENG BULLDOG,311
2021,December,ENG BULLDOG,294
2021,July,ENG BULLDOG,311
2021,June,ENG BULLDOG,316
2021,March,ENG BULLDOG,321
2021,May,ENG BULLDOG,321
2021,November,ENG BULLDOG,303
2021,October,ENG BULLDOG,308
2021,September,ENG BULLDOG,308
2022,August,ENG BULLDOG,274
2022,December,ENG BULLDOG,261
2022,January,ENG BULLDOG,286
2022,July,ENG BULLDOG,279
2022,June,ENG BULLDOG,281
2022,March,ENG BULLDOG,284
2022,November,ENG BULLDOG,270
2022,October,ENG BULLDOG,274
2022,September,ENG BULLDOG,270
2023,February,ENG BULLDOG,262
2023,January,ENG BULLDOG,265
2021,April,ENG SPRNGR SPAN,341
2021,August,ENG SPRNGR SPAN,351
2021,December,ENG SPRNGR SPAN,340
2021,July,ENG SPRNGR SPAN,345
2021,June,ENG SPRNGR SPAN,347
2021,March,ENG SPRNGR SPAN,340
2021,May,ENG SPRNGR SPAN,340
2021,November,ENG SPRNGR SPAN,341
2021,October,ENG SPRNGR SPAN,338
2021,September,ENG SPRNGR SPAN,347
2022,August,ENG SPRNGR SPAN,330
2022,December,ENG SPRNGR SPAN,334
2022,January,ENG SPRNGR SPAN,331
2022,July,ENG SPRNGR SPAN,325
2022,June,ENG SPRNGR SPAN,323
2022,March,ENG SPRNGR SPAN,328
2022,November,ENG SPRNGR SPAN,333
2022,October,ENG SPRNGR SPAN,328
2022,September,ENG SPRNGR SPAN,326
2023,February,ENG SPRNGR SPAN,330
2023,January,ENG SPRNGR SPAN,332
2021,April,FRENCH BULLDOG,1332
2021,August,FRENCH BULLDOG,1307
2021,December,FRENCH BULLDOG,1304
2021,July,FRENCH BULLDOG,1323
2021,June,FRENCH BULLDOG,1326
2021,March,FRENCH BULLDOG,1347
2021,May,FRENCH BULLDOG,1347
2021,November,FRENCH BULLDOG,1307
2021,October,FRENCH BULLDOG,1302
2021,September,FRENCH BULLDOG,1306
2022,August,FRENCH BULLDOG,1355
2022,December,FRENCH BULLDOG,1349
2022,January,FRENCH BULLDOG,1311
2022,July,FRENCH BULLDOG,1347
2022,June,FRENCH BULLDOG,1341
2022,March,FRENCH BULLDOG,1316
2022,November,FRENCH BULLDOG,1361
2022,October,FRENCH BULLDOG,1361
2022,September,FRENCH BULLDOG,1348
2023,February,FRENCH BULLDOG,1352
2023,January,FRENCH BULLDOG,1348
2021,April,GERM SH POINT,324
2021,August,GERM SH POINT,324
2021,December,GERM SH POINT,315
2021,July,GERM SH POINT,328
2021,June,GERM SH POINT,322
2021,March,GERM SH POINT,327
2021,May,GERM SH POINT,327
2021,November,GERM SH POINT,316
2021,October,GERM SH POINT,318
2021,September,GERM SH POINT,325
2022,August,GERM SH POINT,304
2022,December,GERM SH POINT,308
2022,January,GERM SH POINT,305
2022,July,GERM SH POINT,301
2022,June,GERM SH POINT,304
2022,March,GERM SH POINT,312
2022,November,GERM SH POINT,310
2022,October,GERM SH POINT,311
2022,September,GERM SH POINT,305
2023,February,GERM SH POINT,310
2023,January,GERM SH POINT,308
2021,April,GERM SHEPHERD,6435
2021,August,GERM SHEPHERD,6456
2021,December,GERM SHEPHERD,6453
2021,July,GERM SHEPHERD,6458
2021,June,GERM SHEPHERD,6483
2021,March,GERM SHEPHERD,6477
2021,May,GERM SHEPHERD,6477
2021,November,GERM SHEPHERD,6461
2021,October,GERM SHEPHERD,6428
2021,September,GERM SHEPHERD,6430
2022,August,GERM SHEPHERD,6437
2022,December,GERM SHEPHERD,6414
2022,January,GERM SHEPHERD,6507
2022,July,GERM SHEPHERD,6457
2022,June,GERM SHEPHERD,6480
2022,March,GERM SHEPHERD,6482
2022,November,GERM SHEPHERD,6376
2022,October,GERM SHEPHERD,6409
2022,September,GERM SHEPHERD,6443
2023,February,GERM SHEPHERD,6376
2023,January,GERM SHEPHERD,6424
2021,April,GOLDEN RETR,4606
2021,August,GOLDEN RETR,4695
2021,December,GOLDEN RETR,4704
2021,July,GOLDEN RETR,4658
2021,June,GOLDEN RETR,4638
2021,March,GOLDEN RETR,4641
2021,May,GOLDEN RETR,4641
2021,November,GOLDEN RETR,4687
2021,October,GOLDEN RETR,4680
2021,September,GOLDEN RETR,4684
2022,August,GOLDEN RETR,4834
2022,December,GOLDEN RETR,4857
2022,January,GOLDEN RETR,4713
2022,July,GOLDEN RETR,4821
2022,June,GOLDEN RETR,4806
2022,March,GOLDEN RETR,4750
2022,November,GOLDEN RETR,4874
2022,October,GOLDEN RETR,4873
2022,September,GOLDEN RETR,4863
2023,February,GOLDEN RETR,4860
2023,January,GOLDEN RETR,4861
2021,April,GREAT DANE,414
2021,August,GREAT DANE,394
2021,December,GREAT DANE,383
2021,July,GREAT DANE,415
2021,June,GREAT DANE,417
2021,March,GREAT DANE,416
2021,May,GREAT DANE,416
2021,November,GREAT DANE,387
2021,October,GREAT DANE,389
2021,September,GREAT DANE,393
2022,August,GREAT DANE,391
2022,December,GREAT DANE,383
2022,January,GREAT DANE,385
2022,July,GREAT DANE,388
2022,June,GREAT DANE,384
2022,March,GREAT DANE,386
2022,November,GREAT DANE,390
2022,October,GREAT DANE,390
2022,September,GREAT DANE,388
2023,February,GREAT DANE,395
2023,January,GREAT DANE,394
2021,April,GREAT PYRENEES,708
2021,August,GREAT PYRENEES,724
2021,December,GREAT PYRENEES,710
2021,July,GREAT PYRENEES,733
2021,June,GREAT PYRENEES,727
2021,March,GREAT PYRENEES,731
2021,May,GREAT PYRENEES,731
2021,November,GREAT PYRENEES,708
2021,October,GREAT PYRENEES,709
2021,September,GREAT PYRENEES,724
2022,August,GREAT PYRENEES,713
2022,December,GREAT PYRENEES,702
2022,January,GREAT PYRENEES,702
2022,July,GREAT PYRENEES,707
2022,June,GREAT PYRENEES,714
2022,March,GREAT PYRENEES,724
2022,November,GREAT PYRENEES,700
2022,October,GREAT PYRENEES,704
2022,September,GREAT PYRENEES,711
2023,February,GREAT PYRENEES,738
2023,January,GREAT PYRENEES,728
2021,April,GREYHOUND,286
2021,August,GREYHOUND,266
2021,December,GREYHOUND,263
2021,July,GREYHOUND,269
2021,June,GREYHOUND,276
2021,March,GREYHOUND,279
2021,May,GREYHOUND,279
2021,November,GREYHOUND,262
2021,October,GREYHOUND,266
2021,September,GREYHOUND,268
2022,August,GREYHOUND,260
2022,December,GREYHOUND,254
2022,January,GREYHOUND,261
2022,July,GREYHOUND,259
2022,June,GREYHOUND,260
2022,March,GREYHOUND,260
2022,November,GREYHOUND,253
2022,October,GREYHOUND,254
2022,September,GREYHOUND,255
2023,February,GREYHOUND,250
2023,January,GREYHOUND,251
2021,April,HAVANESE,1635
2021,August,HAVANESE,1676
2021,December,HAVANESE,1642
2021,July,HAVANESE,1662
2021,June,HAVANESE,1650
2021,March,HAVANESE,1648
2021,May,HAVANESE,1648
2021,November,HAVANESE,1652
2021,October,HAVANESE,1654
2021,September,HAVANESE,1661
2022,August,HAVANESE,1616
2022,December,HAVANESE,1596
2022,January,HAVANESE,1638
2022,July,HAVANESE,1613
2022,June,HAVANESE,1620
2022,March,HAVANESE,1625
2022,November,HAVANESE,1601
2022,October,HAVANESE,1602
2022,September,HAVANESE,1613
2023,February,HAVANESE,1598
2023,January,HAVANESE,1608
2021,April,HOUND,135
2021,August,HOUND,142
2021,July,HOUND,139
2021,June,HOUND,138
2021,March,HOUND,138
2021,May,HOUND,138
2021,November,HOUND,144
2021,October,HOUND,141
2022,August,HOUND,136
2022,January,HOUND,143
2022,July,HOUND,133
2022,June,HOUND,134
2022,March,HOUND,140
2022,November,HOUND,131
2022,October,HOUND,131
2023,February,HOUND,146
2023,January,HOUND,146
2021,April,ITAL GREYHOUND,115
2021,August,ITAL GREYHOUND,124
2021,December,ITAL GREYHOUND,120
2021,July,ITAL GREYHOUND,121
2021,June,ITAL GREYHOUND,120
2021,March,ITAL GREYHOUND,121
2021,May,ITAL GREYHOUND,121
2021,November,ITAL GREYHOUND,118
2021,October,ITAL GREYHOUND,120
2021,September,ITAL GREYHOUND,121
2022,August,ITAL GREYHOUND,105
2022,December,ITAL GREYHOUND,104
2022,January,ITAL GREYHOUND,120
2022,July,ITAL GREYHOUND,110
2022,June,ITAL GREYHOUND,111
2022,March,ITAL GREYHOUND,121
2022,November,ITAL GREYHOUND,103
2022,October,ITAL GREYHOUND,104
2022,September,ITAL GREYHOUND,104
2023,February,ITAL GREYHOUND,101
2023,January,ITAL GREYHOUND,103
2021,April,JACK RUSS TERR,457
2021,August,JACK RUSS TERR,418
2021,December,JACK RUSS TERR,380
2021,July,JACK RUSS TERR,435
2021,June,JACK RUSS TERR,444
2021,March,JACK RUSS TERR,442
2021,May,JACK RUSS TERR,442
2021,November,JACK RUSS TERR,393
2021,October,JACK RUSS TERR,400
2021,September,JACK RUSS TERR,408
2022,August,JACK RUSS TERR,338
2022,December,JACK RUSS TERR,317
2022,January,JACK RUSS TERR,373
2022,July,JACK RUSS TERR,340
2022,June,JACK RUSS TERR,346
2022,March,JACK RUSS TERR,348
2022,November,JACK RUSS TERR,322
2022,October,JACK RUSS TERR,326
2022,September,JACK RUSS TERR,330
2023,February,JACK RUSS TERR,306
2023,January,JACK RUSS TERR,316
2021,April,JAPANESE CHIN,114
2021,August,JAPANESE CHIN,106
2021,December,JAPANESE CHIN,105
2021,July,JAPANESE CHIN,108
2021,June,JAPANESE CHIN,110
2021,March,JAPANESE CHIN,111
2021,May,JAPANESE CHIN,111
2021,November,JAPANESE CHIN,107
2021,October,JAPANESE CHIN,107
2021,September,JAPANESE CHIN,108
2022,August,JAPANESE CHIN,89
2022,December,JAPANESE CHIN,86
2022,January,JAPANESE CHIN,102
2022,July,JAPANESE CHIN,91
2022,June,JAPANESE CHIN,93
2022,March,JAPANESE CHIN,99
2022,November,JAPANESE CHIN,87
2022,October,JAPANESE CHIN,87
2022,September,JAPANESE CHIN,86
2023,February,JAPANESE CHIN,85
2023,January,JAPANESE CHIN,85
2021,April,KEESHOND,125
2021,August,KEESHOND,133
2021,December,KEESHOND,130
2021,July,KEESHOND,130
2021,June,KEESHOND,130
2021,March,KEESHOND,128
2021,May,KEESHOND,128
2021,November,KEESHOND,126
2021,October,KEESHOND,130
2021,September,KEESHOND,131
2022,August,KEESHOND,117
2022,December,KEESHOND,111
2022,January,KEESHOND,130
2022,July,KEESHOND,120
2022,June,KEESHOND,122
2022,March,KEESHOND,129
2022,November,KEESHOND,111
2022,October,KEESHOND,116
2022,September,KEESHOND,117
2023,February,KEESHOND,112
2023,January,KEESHOND,110
2021,April,LABRADOR RETR,10609
2021,August,LABRADOR RETR,10675
2021,December,LABRADOR RETR,10468
2021,July,LABRADOR RETR,10707
2021,June,LABRADOR RETR,10740
2021,March,LABRADOR RETR,10671
2021,May,LABRADOR RETR,10671
2021,November,LABRADOR RETR,10508
2021,October,LABRADOR RETR,10551
2021,September,LABRADOR RETR,10618
2022,August,LABRADOR RETR,10343
2022,December,LABRADOR RETR,10166
2022,January,LABRADOR RETR,10476
2022,July,LABRADOR RETR,10324
2022,June,LABRADOR RETR,10361
2022,March,LABRADOR RETR,10410
2022,November,LABRADOR RETR,10239
2022,October,LABRADOR RETR,10281
2022,September,LABRADOR RETR,10319
2023,February,LABRADOR RETR,10048
2023,January,LABRADOR RETR,10142
2021,April,LHASA APSO,226
2021,August,LHASA APSO,209
2021,December,LHASA APSO,196
2021,July,LHASA APSO,211
2021,June,LHASA APSO,215
2021,March,LHASA APSO,222
2021,May,LHASA APSO,222
2021,November,LHASA APSO,198
2021,October,LHASA APSO,201
2021,September,LHASA APSO,203
2022,August,LHASA APSO,187
2022,December,LHASA APSO,172
2022,January,LHASA APSO,195
2022,July,LHASA APSO,187
2022,June,LHASA APSO,187
2022,March,LHASA APSO,191
2022,November,LHASA APSO,174
2022,October,LHASA APSO,177
2022,September,LHASA APSO,182
2023,February,LHASA APSO,170
2023,January,LHASA APSO,175
2021,April,MALTESE,1793
2021,August,MALTESE,1779
2021,December,MALTESE,1752
2021,July,MALTESE,1786
2021,June,MALTESE,1790
2021,March,MALTESE,1802
2021,May,MALTESE,1802
2021,November,MALTESE,1742
2021,October,MALTESE,1758
2021,September,MALTESE,1769
2022,August,MALTESE,1766
2022,December,MALTESE,1732
2022,January,MALTESE,1756
2022,July,MALTESE,1754
2022,June,MALTESE,1754
2022,March,MALTESE,1752
2022,November,MALTESE,1747
2022,October,MALTESE,1766
2022,September,MALTESE,1762
2021,April,MASTIFF,343
2021,August,MASTIFF,338
2021,December,MASTIFF,347
2021,July,MASTIFF,337
2021,June,MASTIFF,345
2021,March,MASTIFF,350
2021,May,MASTIFF,350
2021,November,MASTIFF,344
2021,October,MASTIFF,344
2021,September,MASTIFF,340
2022,August,MASTIFF,343
2022,December,MASTIFF,334
2022,January,MASTIFF,347
2022,July,MASTIFF,346
2022,June,MASTIFF,346
2022,March,MASTIFF,356
2022,November,MASTIFF,344
2022,October,MASTIFF,349
2022,September,MASTIFF,349
2023,February,MASTIFF,348
2023,January,MASTIFF,335
2021,April,MIN PINSCHER,456
2021,August,MIN PINSCHER,435
2021,December,MIN PINSCHER,418
2021,July,MIN PINSCHER,447
2021,June,MIN PINSCHER,448
2021,March,MIN PINSCHER,455
2021,May,MIN PINSCHER,455
2021,November,MIN PINSCHER,425
2021,October,MIN PINSCHER,423
2021,September,MIN PINSCHER,430
2022,August,MIN PINSCHER,370
2022,December,MIN PINSCHER,353
2022,January,MIN PINSCHER,401
2022,July,MIN PINSCHER,377
2022,June,MIN PINSCHER,379
2022,March,MIN PINSCHER,384
2022,November,MIN PINSCHER,357
2022,October,MIN PINSCHER,373
2022,September,MIN PINSCHER,371
2023,February,MIN PINSCHER,348
2023,January,MIN PINSCHER,349
2021,April,NEWFOUNDLAND,262
2021,August,NEWFOUNDLAND,269
2021,December,NEWFOUNDLAND,273
2021,July,NEWFOUNDLAND,267
2021,June,NEWFOUNDLAND,262
2021,March,NEWFOUNDLAND,260
2021,May,NEWFOUNDLAND,260
2021,November,NEWFOUNDLAND,276
2021,October,NEWFOUNDLAND,273
2021,September,NEWFOUNDLAND,271
2022,August,NEWFOUNDLAND,242
2022,December,NEWFOUNDLAND,244
2022,January,NEWFOUNDLAND,269
2022,July,NEWFOUNDLAND,251
2022,June,NEWFOUNDLAND,254
2022,March,NEWFOUNDLAND,266
2022,November,NEWFOUNDLAND,243
2022,October,NEWFOUNDLAND,241
2022,September,NEWFOUNDLAND,240
2023,February,NEWFOUNDLAND,245
2023,January,NEWFOUNDLAND,242
2021,April,NS DUCK TOLLING,245
2021,August,NS DUCK TOLLING,249
2021,December,NS DUCK TOLLING,249
2021,July,NS DUCK TOLLING,250
2021,June,NS DUCK TOLLING,253
2021,March,NS DUCK TOLLING,248
2021,May,NS DUCK TOLLING,248
2021,November,NS DUCK TOLLING,251
2021,October,NS DUCK TOLLING,242
2021,September,NS DUCK TOLLING,247
2022,August,NS DUCK TOLLING,235
2022,December,NS DUCK TOLLING,236
2022,January,NS DUCK TOLLING,244
2022,July,NS DUCK TOLLING,230
2022,June,NS DUCK TOLLING,233
2022,March,NS DUCK TOLLING,241
2022,November,NS DUCK TOLLING,238
2022,October,NS DUCK TOLLING,235
2022,September,NS DUCK TOLLING,233
2023,February,NS DUCK TOLLING,230
2023,January,NS DUCK TOLLING,232
2021,April,OLD ENG BULLDOG,156
2021,August,OLD ENG BULLDOG,152
2021,December,OLD ENG BULLDOG,149
2021,July,OLD ENG BULLDOG,152
2021,June,OLD ENG BULLDOG,154
2021,March,OLD ENG BULLDOG,158
2021,May,OLD ENG BULLDOG,158
2021,November,OLD ENG BULLDOG,146
2021,October,OLD ENG BULLDOG,148
2021,September,OLD ENG BULLDOG,150
2022,August,OLD ENG BULLDOG,152
2022,December,OLD ENG BULLDOG,153
2022,January,OLD ENG BULLDOG,150
2022,July,OLD ENG BULLDOG,149
2022,June,OLD ENG BULLDOG,150
2022,March,OLD ENG BULLDOG,147
2022,November,OLD ENG BULLDOG,150
2022,October,OLD ENG BULLDOG,149
2022,September,OLD ENG BULLDOG,150
2023,February,OLD ENG BULLDOG,148
2023,January,OLD ENG BULLDOG,149
2021,April,OLDENG SHEEPDOG,232
2021,August,OLDENG SHEEPDOG,243
2021,December,OLDENG SHEEPDOG,250
2021,July,OLDENG SHEEPDOG,238
2021,June,OLDENG SHEEPDOG,241
2021,March,OLDENG SHEEPDOG,235
2021,May,OLDENG SHEEPDOG,235
2021,November,OLDENG SHEEPDOG,255
2021,October,OLDENG SHEEPDOG,252
2021,September,OLDENG SHEEPDOG,246
2022,August,OLDENG SHEEPDOG,269
2022,December,OLDENG SHEEPDOG,279
2022,January,OLDENG SHEEPDOG,249
2022,July,OLDENG SHEEPDOG,263
2022,June,OLDENG SHEEPDOG,260
2022,March,OLDENG SHEEPDOG,253
2022,November,OLDENG SHEEPDOG,278
2022,October,OLDENG SHEEPDOG,275
2022,September,OLDENG SHEEPDOG,274
2023,February,OLDENG SHEEPDOG,282
2023,January,OLDENG SHEEPDOG,284
2021,April,PAPILLON,322
2021,August,PAPILLON,334
2021,December,PAPILLON,333
2021,July,PAPILLON,338
2021,June,PAPILLON,339
2021,March,PAPILLON,321
2021,May,PAPILLON,321
2021,November,PAPILLON,338
2021,October,PAPILLON,335
2021,September,PAPILLON,335
2022,August,PAPILLON,313
2022,December,PAPILLON,307
2022,January,PAPILLON,329
2022,July,PAPILLON,317
2022,June,PAPILLON,320
2022,March,PAPILLON,328
2022,November,PAPILLON,309
2022,October,PAPILLON,308
2022,September,PAPILLON,308
2023,February,PAPILLON,302
2023,January,PAPILLON,306
2021,April,PARSON RUSS TER,442
2021,August,PARSON RUSS TER,431
2021,December,PARSON RUSS TER,439
2021,July,PARSON RUSS TER,421
2021,June,PARSON RUSS TER,430
2021,March,PARSON RUSS TER,441
2021,May,PARSON RUSS TER,441
2021,November,PARSON RUSS TER,440
2021,October,PARSON RUSS TER,439
2021,September,PARSON RUSS TER,436
2022,August,PARSON RUSS TER,434
2022,December,PARSON RUSS TER,439
2022,January,PARSON RUSS TER,445
2022,July,PARSON RUSS TER,429
2022,June,PARSON RUSS TER,433
2022,March,PARSON RUSS TER,449
2022,November,PARSON RUSS TER,435
2022,October,PARSON RUSS TER,432
2022,September,PARSON RUSS TER,437
2023,February,PARSON RUSS TER,440
2023,January,PARSON RUSS TER,437
2021,April,PEKINGESE,147
2021,August,PEKINGESE,134
2021,December,PEKINGESE,127
2021,July,PEKINGESE,140
2021,June,PEKINGESE,142
2021,March,PEKINGESE,144
2021,May,PEKINGESE,144
2021,November,PEKINGESE,131
2021,October,PEKINGESE,130
2021,September,PEKINGESE,132
2022,August,PEKINGESE,116
2022,December,PEKINGESE,113
2022,January,PEKINGESE,126
2022,July,PEKINGESE,117
2022,June,PEKINGESE,122
2022,March,PEKINGESE,120
2022,November,PEKINGESE,119
2022,October,PEKINGESE,117
2022,September,PEKINGESE,115
2023,February,PEKINGESE,107
2023,January,PEKINGESE,109
2021,April,PIT BULL,1179
2021,August,PIT BULL,1118
2021,December,PIT BULL,1048
2021,July,PIT BULL,1135
2021,June,PIT BULL,1132
2021,March,PIT BULL,1179
2021,May,PIT BULL,1179
2021,November,PIT BULL,1068
2021,October,PIT BULL,1089
2021,September,PIT BULL,1104
2022,August,PIT BULL,995
2022,December,PIT BULL,985
2022,January,PIT BULL,1054
2022,July,PIT BULL,1009
2022,June,PIT BULL,1012
2022,March,PIT BULL,1041
2022,November,PIT BULL,972
2022,October,PIT BULL,982
2022,September,PIT BULL,982
2023,February,PIT BULL,955
2023,January,PIT BULL,962
2021,April,POMERANIAN,1795
2021,August,POMERANIAN,1808
2021,December,POMERANIAN,1774
2021,July,POMERANIAN,1814
2021,June,POMERANIAN,1815
2021,March,POMERANIAN,1820
2021,May,POMERANIAN,1820
2021,November,POMERANIAN,1759
2021,October,POMERANIAN,1781
2021,September,POMERANIAN,1800
2022,August,POMERANIAN,1693
2022,December,POMERANIAN,1690
2022,January,POMERANIAN,1761
2022,July,POMERANIAN,1715
2022,June,POMERANIAN,1734
2022,March,POMERANIAN,1742
2022,November,POMERANIAN,1696
2022,October,POMERANIAN,1705
2022,September,POMERANIAN,1698
2023,February,POMERANIAN,1664
2023,January,POMERANIAN,1675
2021,April,POODLE MIN,1818
2021,August,POODLE MIN,1918
2021,December,POODLE MIN,1935
2021,July,POODLE MIN,1893
2021,June,POODLE MIN,1880
2021,March,POODLE MIN,1872
2021,May,POODLE MIN,1872
2021,November,POODLE MIN,1928
2021,October,POODLE MIN,1929
2021,September,POODLE MIN,1927
2022,August,POODLE MIN,2116
2022,December,POODLE MIN,2147
2022,January,POODLE MIN,1977
2022,July,POODLE MIN,2082
2022,June,POODLE MIN,2068
2022,March,POODLE MIN,1990
2022,November,POODLE MIN,2151
2022,October,POODLE MIN,2150
2022,September,POODLE MIN,2137
2023,February,POODLE MIN,2179
2023,January,POODLE MIN,2161
2021,April,POODLE STND,1905
2021,August,POODLE STND,1981
2021,December,POODLE STND,2003
2021,July,POODLE STND,1968
2021,June,POODLE STND,1960
2021,March,POODLE STND,1937
2021,May,POODLE STND,1937
2021,November,POODLE STND,1992
2021,October,POODLE STND,1978
2021,September,POODLE STND,1976
2022,August,POODLE STND,2188
2022,December,POODLE STND,2229
2022,January,POODLE STND,2033
2022,July,POODLE STND,2134
2022,June,POODLE STND,2112
2022,March,POODLE STND,2032
2022,November,POODLE STND,2224
2022,October,POODLE STND,2220
2022,September,POODLE STND,2198
2023,February,POODLE STND,2234
2023,January,POODLE STND,2234
2021,April,POODLE TOY,829
2021,August,POODLE TOY,857
2021,December,POODLE TOY,847
2021,July,POODLE TOY,857
2021,June,POODLE TOY,851
2021,March,POODLE TOY,841
2021,May,POODLE TOY,841
2021,November,POODLE TOY,837
2021,October,POODLE TOY,839
2021,September,POODLE TOY,845
2022,August,POODLE TOY,830
2022,December,POODLE TOY,825
2022,January,POODLE TOY,837
2022,July,POODLE TOY,840
2022,June,POODLE TOY,840
2022,March,POODLE TOY,834
2022,November,POODLE TOY,820
2022,October,POODLE TOY,825
2022,September,POODLE TOY,818
2023,February,POODLE TOY,836
2023,January,POODLE TOY,836
2021,April,PORT WATER DOG,340
2021,August,PORT WATER DOG,345
2021,December,PORT WATER DOG,336
2021,July,PORT WATER DOG,347
2021,June,PORT WATER DOG,345
2021,March,PORT WATER DOG,342
2021,May,PORT WATER DOG,342
2021,November,PORT WATER DOG,336
2021,October,PORT WATER DOG,339
2021,September,PORT WATER DOG,341
2022,August,PORT WATER DOG,341
2022,December,PORT WATER DOG,341
2022,January,PORT WATER DOG,334
2022,July,PORT WATER DOG,337
2022,June,PORT WATER DOG,337
2022,March,PORT WATER DOG,333
2022,November,PORT WATER DOG,345
2022,October,PORT WATER DOG,344
2022,September,PORT WATER DOG,340
2023,February,PORT WATER DOG,345
2023,January,PORT WATER DOG,343
2021,August,PUG,1231
2021,December,PUG,1147
2021,June,PUG,1252
2021,March,PUG,1258
2021,November,PUG,1179
2021,October,PUG,1195
2022,August,PUG,1085
2022,December,PUG,1036
2022,January,PUG,1147
2022,July,PUG,1087
2022,June,PUG,1095
2022,March,PUG,1123
2022,November,PUG,1052
2022,October,PUG,1055
2023,February,PUG,1022
2023,January,PUG,1027
2021,April,RAT TERRIER,146
2021,August,RAT TERRIER,142
2021,December,RAT TERRIER,143
2021,July,RAT TERRIER,144
2021,June,RAT TERRIER,149
2021,March,RAT TERRIER,151
2021,May,RAT TERRIER,151
2021,November,RAT TERRIER,146
2021,October,RAT TERRIER,141
2021,September,RAT TERRIER,143
2022,August,RAT TERRIER,140
2022,December,RAT TERRIER,131
2022,January,RAT TERRIER,140
2022,July,RAT TERRIER,135
2022,June,RAT TERRIER,136
2022,March,RAT TERRIER,138
2022,November,RAT TERRIER,137
2022,October,RAT TERRIER,139
2022,September,RAT TERRIER,137
2023,February,RAT TERRIER,131
2023,January,RAT TERRIER,131
2021,April,RHOD RIDGEBACK,175
2021,August,RHOD RIDGEBACK,174
2021,December,RHOD RIDGEBACK,173
2021,July,RHOD RIDGEBACK,172
2021,June,RHOD RIDGEBACK,171
2021,March,RHOD RIDGEBACK,175
2021,May,RHOD RIDGEBACK,175
2021,November,RHOD RIDGEBACK,173
2021,October,RHOD RIDGEBACK,170
2021,September,RHOD RIDGEBACK,170
2022,August,RHOD RIDGEBACK,167
2022,December,RHOD RIDGEBACK,166
2022,January,RHOD RIDGEBACK,174
2022,July,RHOD RIDGEBACK,177
2022,June,RHOD RIDGEBACK,176
2022,March,RHOD RIDGEBACK,171
2022,November,RHOD RIDGEBACK,171
2022,October,RHOD RIDGEBACK,170
2022,September,RHOD RIDGEBACK,168
2023,February,RHOD RIDGEBACK,167
2023,January,RHOD RIDGEBACK,169
2021,April,ROTTWEILER,986
2021,August,ROTTWEILER,959
2021,December,ROTTWEILER,930
2021,July,ROTTWEILER,966
2021,June,ROTTWEILER,970
2021,March,ROTTWEILER,987
2021,May,ROTTWEILER,987
2021,November,ROTTWEILER,935
2021,October,ROTTWEILER,941
2021,September,ROTTWEILER,949
2022,August,ROTTWEILER,890
2022,December,ROTTWEILER,864
2022,January,ROTTWEILER,917
2022,July,ROTTWEILER,889
2022,June,ROTTWEILER,895
2022,March,ROTTWEILER,914
2022,November,ROTTWEILER,866
2022,October,ROTTWEILER,880
2022,September,ROTTWEILER,882
2023,February,ROTTWEILER,862
2023,January,ROTTWEILER,863
2021,April,SAMOYED,144
2021,August,SAMOYED,141
2021,December,SAMOYED,146
2021,July,SAMOYED,141
2021,June,SAMOYED,142
2021,March,SAMOYED,145
2021,May,SAMOYED,145
2021,November,SAMOYED,144
2021,October,SAMOYED,140
2021,September,SAMOYED,141
2022,August,SAMOYED,147
2022,December,SAMOYED,161
2022,January,SAMOYED,148
2022,July,SAMOYED,143
2022,June,SAMOYED,144
2022,March,SAMOYED,146
2022,November,SAMOYED,162
2022,October,SAMOYED,157
2022,September,SAMOYED,152
2023,February,SAMOYED,159
2023,January,SAMOYED,161
2021,April,SC WHEAT TERR,400
2021,August,SC WHEAT TERR,394
2021,December,SC WHEAT TERR,387
2021,July,SC WHEAT TERR,391
2021,June,SC WHEAT TERR,397
2021,March,SC WHEAT TERR,401
2021,May,SC WHEAT TERR,401
2021,November,SC WHEAT TERR,391
2021,October,SC WHEAT TERR,386
2021,September,SC WHEAT TERR,390
2022,August,SC WHEAT TERR,377
2022,December,SC WHEAT TERR,382
2022,January,SC WHEAT TERR,385
2022,July,SC WHEAT TERR,386
2022,June,SC WHEAT TERR,383
2022,March,SC WHEAT TERR,381
2022,November,SC WHEAT TERR,385
2022,October,SC WHEAT TERR,381
2022,September,SC WHEAT TERR,375
2023,February,SC WHEAT TERR,379
2023,January,SC WHEAT TERR,383
2021,April,SCHNAUZER MIN,1845
2021,August,SCHNAUZER MIN,1825
2021,December,SCHNAUZER MIN,1786
2021,July,SCHNAUZER MIN,1848
2021,June,SCHNAUZER MIN,1853
2021,March,SCHNAUZER MIN,1845
2021,May,SCHNAUZER MIN,1845
2021,November,SCHNAUZER MIN,1794
2021,October,SCHNAUZER MIN,1806
2021,September,SCHNAUZER MIN,1832
2022,August,SCHNAUZER MIN,1722
2022,December,SCHNAUZER MIN,1685
2022,January,SCHNAUZER MIN,1781
2022,July,SCHNAUZER MIN,1741
2022,June,SCHNAUZER MIN,1749
2022,March,SCHNAUZER MIN,1759
2022,November,SCHNAUZER MIN,1693
2022,October,SCHNAUZER MIN,1696
2022,September,SCHNAUZER MIN,1710
2023,February,SCHNAUZER MIN,1679
2023,January,SCHNAUZER MIN,1684
2021,April,SCHNAUZER STAND,161
2021,August,SCHNAUZER STAND,156
2021,December,SCHNAUZER STAND,147
2021,July,SCHNAUZER STAND,157
2021,June,SCHNAUZER STAND,160
2021,March,SCHNAUZER STAND,163
2021,May,SCHNAUZER STAND,163
2021,November,SCHNAUZER STAND,149
2021,October,SCHNAUZER STAND,147
2021,September,SCHNAUZER STAND,151
2022,August,SCHNAUZER STAND,145
2022,December,SCHNAUZER STAND,144
2022,January,SCHNAUZER STAND,147
2022,July,SCHNAUZER STAND,147
2022,June,SCHNAUZER STAND,148
2022,March,SCHNAUZER STAND,151
2022,November,SCHNAUZER STAND,141
2022,October,SCHNAUZER STAND,143
2022,September,SCHNAUZER STAND,141
2023,February,SCHNAUZER STAND,141
2023,January,SCHNAUZER STAND,142
2021,April,SCOT TERRIER,162
2021,August,SCOT TERRIER,157
2021,December,SCOT TERRIER,149
2021,July,SCOT TERRIER,159
2021,June,SCOT TERRIER,157
2021,March,SCOT TERRIER,159
2021,May,SCOT TERRIER,159
2021,November,SCOT TERRIER,151
2021,October,SCOT TERRIER,154
2021,September,SCOT TERRIER,155
2022,August,SCOT TERRIER,146
2022,December,SCOT TERRIER,142
2022,January,SCOT TERRIER,147
2022,July,SCOT TERRIER,147
2022,June,SCOT TERRIER,144
2022,March,SCOT TERRIER,145
2022,November,SCOT TERRIER,147
2022,October,SCOT TERRIER,145
2022,September,SCOT TERRIER,147
2023,February,SCOT TERRIER,145
2023,January,SCOT TERRIER,146
2021,April,SHETLD SHEEPDOG,717
2021,August,SHETLD SHEEPDOG,708
2021,December,SHETLD SHEEPDOG,686
2021,July,SHETLD SHEEPDOG,714
2021,June,SHETLD SHEEPDOG,715
2021,March,SHETLD SHEEPDOG,723
2021,May,SHETLD SHEEPDOG,723
2021,November,SHETLD SHEEPDOG,681
2021,October,SHETLD SHEEPDOG,691
2021,September,SHETLD SHEEPDOG,697
2022,August,SHETLD SHEEPDOG,657
2022,December,SHETLD SHEEPDOG,631
2022,January,SHETLD SHEEPDOG,674
2022,July,SHETLD SHEEPDOG,655
2022,June,SHETLD SHEEPDOG,656
2022,March,SHETLD SHEEPDOG,664
2022,November,SHETLD SHEEPDOG,633
2022,October,SHETLD SHEEPDOG,648
2022,September,SHETLD SHEEPDOG,650
2023,February,SHETLD SHEEPDOG,619
2023,January,SHETLD SHEEPDOG,629
2021,April,SHIBA INU,599
2021,August,SHIBA INU,606
2021,December,SHIBA INU,613
2021,July,SHIBA INU,608
2021,June,SHIBA INU,607
2021,March,SHIBA INU,598
2021,May,SHIBA INU,598
2021,November,SHIBA INU,605
2021,October,SHIBA INU,605
2021,September,SHIBA INU,605
2022,August,SHIBA INU,604
2022,December,SHIBA INU,611
2022,January,SHIBA INU,608
2022,July,SHIBA INU,599
2022,June,SHIBA INU,599
2022,March,SHIBA INU,597
2022,November,SHIBA INU,618
2022,October,SHIBA INU,617
2022,September,SHIBA INU,615
2023,February,SHIBA INU,607
2023,January,SHIBA INU,613
2021,April,SHIH TZU,3549
2021,August,SHIH TZU,3490
2021,December,SHIH TZU,3346
2021,July,SHIH TZU,3493
2021,June,SHIH TZU,3521
2021,March,SHIH TZU,3537
2021,May,SHIH TZU,3537
2021,November,SHIH TZU,3377
2021,October,SHIH TZU,3422
2021,September,SHIH TZU,3447
2022,August,SHIH TZU,3217
2022,December,SHIH TZU,3123
2022,January,SHIH TZU,3319
2022,July,SHIH TZU,3245
2022,June,SHIH TZU,3260
2022,March,SHIH TZU,3277
2022,November,SHIH TZU,3147
2022,October,SHIH TZU,3184
2022,September,SHIH TZU,3189
2023,February,SHIH TZU,3094
2023,January,SHIH TZU,3119
2021,April,SIBERIAN HUSKY,1775
2021,August,SIBERIAN HUSKY,1783
2021,December,SIBERIAN HUSKY,1773
2021,July,SIBERIAN HUSKY,1801
2021,June,SIBERIAN HUSKY,1801
2021,March,SIBERIAN HUSKY,1795
2021,May,SIBERIAN HUSKY,1795
2021,November,SIBERIAN HUSKY,1768
2021,October,SIBERIAN HUSKY,1788
2021,September,SIBERIAN HUSKY,1790
2022,August,SIBERIAN HUSKY,1738
2022,December,SIBERIAN HUSKY,1729
2022,January,SIBERIAN HUSKY,1772
2022,July,SIBERIAN HUSKY,1748
2022,June,SIBERIAN HUSKY,1744
2022,March,SIBERIAN HUSKY,1767
2022,November,SIBERIAN HUSKY,1739
2022,October,SIBERIAN HUSKY,1741
2022,September,SIBERIAN HUSKY,1734
2023,February,SIBERIAN HUSKY,1743
2023,January,SIBERIAN HUSKY,1742
2021,April,ST BERNARD RGH,146
2021,August,ST BERNARD RGH,139
2021,December,ST BERNARD RGH,141
2021,July,ST BERNARD RGH,140
2021,June,ST BERNARD RGH,145
2021,March,ST BERNARD RGH,148
2021,May,ST BERNARD RGH,148
2021,November,ST BERNARD RGH,142
2021,October,ST BERNARD RGH,139
2021,September,ST BERNARD RGH,137
2022,August,ST BERNARD RGH,151
2022,December,ST BERNARD RGH,147
2022,January,ST BERNARD RGH,142
2022,July,ST BERNARD RGH,151
2022,June,ST BERNARD RGH,150
2022,March,ST BERNARD RGH,144
2022,November,ST BERNARD RGH,157
2022,October,ST BERNARD RGH,160
2022,September,ST BERNARD RGH,157
2023,February,ST BERNARD RGH,149
2023,January,ST BERNARD RGH,151
2021,April,ST BERNARD SMTH,140
2021,August,ST BERNARD SMTH,159
2021,December,ST BERNARD SMTH,160
2021,July,ST BERNARD SMTH,154
2021,June,ST BERNARD SMTH,147
2021,March,ST BERNARD SMTH,143
2021,May,ST BERNARD SMTH,143
2021,November,ST BERNARD SMTH,158
2021,October,ST BERNARD SMTH,158
2021,September,ST BERNARD SMTH,158
2022,August,ST BERNARD SMTH,187
2022,December,ST BERNARD SMTH,188
2022,January,ST BERNARD SMTH,169
2022,July,ST BERNARD SMTH,186
2022,June,ST BERNARD SMTH,186
2022,March,ST BERNARD SMTH,174
2022,November,ST BERNARD SMTH,185
2022,October,ST BERNARD SMTH,186
2022,September,ST BERNARD SMTH,185
2023,February,ST BERNARD SMTH,186
2023,January,ST BERNARD SMTH,190
2021,April,STAFFORDSHIRE,359
2021,August,STAFFORDSHIRE,348
2021,December,STAFFORDSHIRE,321
2021,July,STAFFORDSHIRE,359
2021,June,STAFFORDSHIRE,360
2021,March,STAFFORDSHIRE,364
2021,May,STAFFORDSHIRE,364
2021,November,STAFFORDSHIRE,325
2021,October,STAFFORDSHIRE,334
2021,September,STAFFORDSHIRE,344
2022,August,STAFFORDSHIRE,327
2022,December,STAFFORDSHIRE,308
2022,January,STAFFORDSHIRE,333
2022,July,STAFFORDSHIRE,329
2022,June,STAFFORDSHIRE,329
2022,March,STAFFORDSHIRE,328
2022,November,STAFFORDSHIRE,315
2022,October,STAFFORDSHIRE,317
2022,September,STAFFORDSHIRE,320
2023,February,STAFFORDSHIRE,312
2023,January,STAFFORDSHIRE,306
2021,April,TERRIER,1525
2021,August,TERRIER,1480
2021,December,TERRIER,1493
2021,July,TERRIER,1501
2021,June,TERRIER,1495
2021,March,TERRIER,1510
2021,May,TERRIER,1510
2021,November,TERRIER,1504
2021,October,TERRIER,1498
2021,September,TERRIER,1481
2022,August,TERRIER,1477
2022,December,TERRIER,1450
2022,January,TERRIER,1470
2022,July,TERRIER,1481
2022,June,TERRIER,1466
2022,March,TERRIER,1471
2022,November,TERRIER,1461
2022,October,TERRIER,1486
2022,September,TERRIER,1490
2023,February,TERRIER,1450
2023,January,TERRIER,1449
2021,April,VIZSLA,146
2021,August,VIZSLA,152
2021,December,VIZSLA,147
2021,July,VIZSLA,151
2021,June,VIZSLA,147
2021,March,VIZSLA,145
2021,May,VIZSLA,145
2021,November,VIZSLA,145
2021,October,VIZSLA,143
2021,September,VIZSLA,148
2023,February,VIZSLA,151
2023,January,VIZSLA,152
2021,April,WEIMARANER,272
2021,August,WEIMARANER,264
2021,December,WEIMARANER,235
2021,July,WEIMARANER,275
2021,June,WEIMARANER,276
2021,March,WEIMARANER,274
2021,May,WEIMARANER,274
2021,November,WEIMARANER,241
2021,October,WEIMARANER,247
2021,September,WEIMARANER,254
2022,August,WEIMARANER,226
2022,December,WEIMARANER,228
2022,January,WEIMARANER,238
2022,July,WEIMARANER,227
2022,June,WEIMARANER,226
2022,March,WEIMARANER,235
2022,November,WEIMARANER,228
2022,October,WEIMARANER,228
2022,September,WEIMARANER,229
2023,February,WEIMARANER,218
2023,January,WEIMARANER,222
2021,April,WELSH CORGI CAR,156
2021,August,WELSH CORGI CAR,152
2021,December,WELSH CORGI CAR,156
2021,July,WELSH CORGI CAR,150
2021,June,WELSH CORGI CAR,154
2021,March,WELSH CORGI CAR,157
2021,May,WELSH CORGI CAR,157
2021,November,WELSH CORGI CAR,157
2021,October,WELSH CORGI CAR,154
2021,September,WELSH CORGI CAR,153
2022,August,WELSH CORGI CAR,167
2022,December,WELSH CORGI CAR,170
2022,January,WELSH CORGI CAR,159
2022,July,WELSH CORGI CAR,166
2022,June,WELSH CORGI CAR,167
2022,March,WELSH CORGI CAR,158
2022,November,WELSH CORGI CAR,170
2022,October,WELSH CORGI CAR,171
2022,September,WELSH CORGI CAR,172
2023,February,WELSH CORGI CAR,170
2023,January,WELSH CORGI CAR,167
2021,April,WELSH CORGI PEM,549
2021,August,WELSH CORGI PEM,572
2021,December,WELSH CORGI PEM,565
2021,July,WELSH CORGI PEM,565
2021,June,WELSH CORGI PEM,558
2021,March,WELSH CORGI PEM,555
2021,May,WELSH CORGI PEM,555
2021,November,WELSH CORGI PEM,567
2021,October,WELSH CORGI PEM,574
2021,September,WELSH CORGI PEM,576
2022,August,WELSH CORGI PEM,611
2022,December,WELSH CORGI PEM,628
2022,January,WELSH CORGI PEM,581
2022,July,WELSH CORGI PEM,602
2022,June,WELSH CORGI PEM,605
2022,March,WELSH CORGI PEM,583
2022,November,WELSH CORGI PEM,628
2022,October,WELSH CORGI PEM,629
2022,September,WELSH CORGI PEM,614
2023,February,WELSH CORGI PEM,620
2023,January,WELSH CORGI PEM,626
2021,April,WELSH SPR SPAN,145
2021,August,WELSH SPR SPAN,152
2021,December,WELSH SPR SPAN,154
2021,July,WELSH SPR SPAN,149
2021,June,WELSH SPR SPAN,150
2021,March,WELSH SPR SPAN,149
2021,May,WELSH SPR SPAN,149
2021,November,WELSH SPR SPAN,157
2021,October,WELSH SPR SPAN,153
2021,September,WELSH SPR SPAN,154
2022,August,WELSH SPR SPAN,170
2022,December,WELSH SPR SPAN,168
2022,January,WELSH SPR SPAN,160
2022,July,WELSH SPR SPAN,171
2022,June,WELSH SPR SPAN,170
2022,March,WELSH SPR SPAN,163
2022,November,WELSH SPR SPAN,170
2022,October,WELSH SPR SPAN,169
2022,September,WELSH SPR SPAN,170
2023,February,WELSH SPR SPAN,160
2023,January,WELSH SPR SPAN,162
2021,April,WEST HIGHLAND,677
2021,August,WEST HIGHLAND,657
2021,December,WEST HIGHLAND,646
2021,July,WEST HIGHLAND,671
2021,June,WEST HIGHLAND,679
2021,March,WEST HIGHLAND,676
2021,May,WEST HIGHLAND,676
2021,November,WEST HIGHLAND,651
2021,October,WEST HIGHLAND,656
2021,September,WEST HIGHLAND,651
2022,August,WEST HIGHLAND,619
2022,December,WEST HIGHLAND,600
2022,January,WEST HIGHLAND,639
2022,July,WEST HIGHLAND,628
2022,June,WEST HIGHLAND,632
2022,March,WEST HIGHLAND,636
2022,November,WEST HIGHLAND,607
2022,October,WEST HIGHLAND,610
2022,September,WEST HIGHLAND,611
2023,February,WEST HIGHLAND,599
2023,January,WEST HIGHLAND,602
2021,April,WHIPPET,259
2021,August,WHIPPET,273
2021,December,WHIPPET,276
2021,July,WHIPPET,263
2021,June,WHIPPET,262
2021,March,WHIPPET,262
2021,May,WHIPPET,262
2021,November,WHIPPET,278
2021,October,WHIPPET,278
2021,September,WHIPPET,277
2022,August,WHIPPET,273
2022,December,WHIPPET,254
2022,January,WHIPPET,279
2022,July,WHIPPET,276
2022,June,WHIPPET,277
2022,March,WHIPPET,284
2022,November,WHIPPET,257
2022,October,WHIPPET,261
2022,September,WHIPPET,270
2023,February,WHIPPET,262
2023,January,WHIPPET,258
2021,April,YORKSHIRE TERR,3238
2021,August,YORKSHIRE TERR,3181
2021,December,YORKSHIRE TERR,3077
2021,July,YORKSHIRE TERR,3207
2021,June,YORKSHIRE TERR,3216
2021,March,YORKSHIRE TERR,3243
2021,May,YORKSHIRE TERR,3243
2021,November,YORKSHIRE TERR,3101
2021,October,YORKSHIRE TERR,3140
2021,September,YORKSHIRE TERR,3167
2022,August,YORKSHIRE TERR,2997
2022,December,YORKSHIRE TERR,2961
2022,January,YORKSHIRE TERR,3066
2022,July,YORKSHIRE TERR,3007
2022,June,YORKSHIRE TERR,3025
2022,March,YORKSHIRE TERR,3035
2022,November,YORKSHIRE TERR,2977
2022,October,YORKSHIRE TERR,2982
2022,September,YORKSHIRE TERR,2973
2023,February,YORKSHIRE TERR,2975
2023,January,YORKSHIRE TERR,2969
